-- phpMyAdmin SQL Dump
-- version 5.2.0
-- https://www.phpmyadmin.net/
--
-- Host: localhost:3306
-- Generation Time: Nov 21, 2023 at 09:42 AM
-- Server version: 8.0.31
-- PHP Version: 8.1.10

SET SQL_MODE = "NO_AUTO_VALUE_ON_ZERO";
START TRANSACTION;
SET time_zone = "+00:00";


/*!40101 SET @OLD_CHARACTER_SET_CLIENT=@@CHARACTER_SET_CLIENT */;
/*!40101 SET @OLD_CHARACTER_SET_RESULTS=@@CHARACTER_SET_RESULTS */;
/*!40101 SET @OLD_COLLATION_CONNECTION=@@COLLATION_CONNECTION */;
/*!40101 SET NAMES utf8mb4 */;

--
-- Database: `ferlan_merchandise`
--

-- --------------------------------------------------------

--
-- Table structure for table `banners`
--

CREATE TABLE `banners` (
  `id` bigint UNSIGNED NOT NULL,
  `title` varchar(191) CHARACTER SET utf8mb4 COLLATE utf8mb4_unicode_ci NOT NULL,
  `slug` varchar(191) CHARACTER SET utf8mb4 COLLATE utf8mb4_unicode_ci NOT NULL,
  `photo` varchar(191) CHARACTER SET utf8mb4 COLLATE utf8mb4_unicode_ci DEFAULT NULL,
  `description` text CHARACTER SET utf8mb4 COLLATE utf8mb4_unicode_ci,
  `status` enum('active','inactive') CHARACTER SET utf8mb4 COLLATE utf8mb4_unicode_ci NOT NULL DEFAULT 'inactive',
  `created_at` timestamp NULL DEFAULT NULL,
  `updated_at` timestamp NULL DEFAULT NULL
) ENGINE=InnoDB DEFAULT CHARSET=utf8mb4 COLLATE=utf8mb4_unicode_ci;

--
-- Dumping data for table `banners`
--

INSERT INTO `banners` (`id`, `title`, `slug`, `photo`, `description`, `status`, `created_at`, `updated_at`) VALUES
(16, 'Apparell', 'apparell', '/storage/photos/1/01-male-street-style-stars.webp', '<p>New Released</p>', 'active', '2023-11-20 00:48:26', '2023-11-20 00:48:26');

-- --------------------------------------------------------

--
-- Table structure for table `brands`
--

CREATE TABLE `brands` (
  `id` int NOT NULL
) ENGINE=InnoDB DEFAULT CHARSET=utf8mb4 COLLATE=utf8mb4_0900_ai_ci;

-- --------------------------------------------------------

--
-- Table structure for table `carts`
--

CREATE TABLE `carts` (
  `id` bigint UNSIGNED NOT NULL,
  `product_id` bigint UNSIGNED NOT NULL,
  `order_id` bigint UNSIGNED DEFAULT NULL,
  `user_id` bigint UNSIGNED DEFAULT NULL,
  `price` double(8,2) NOT NULL,
  `status` enum('new','progress','delivered','cancel') CHARACTER SET utf8mb4 COLLATE utf8mb4_unicode_ci NOT NULL DEFAULT 'new',
  `quantity` int NOT NULL,
  `amount` double(8,2) NOT NULL,
  `created_at` timestamp NULL DEFAULT NULL,
  `updated_at` timestamp NULL DEFAULT NULL
) ENGINE=InnoDB DEFAULT CHARSET=utf8mb4 COLLATE=utf8mb4_unicode_ci;

--
-- Dumping data for table `carts`
--

INSERT INTO `carts` (`id`, `product_id`, `order_id`, `user_id`, `price`, `status`, `quantity`, `amount`, `created_at`, `updated_at`) VALUES
(19, 18, 8, 31, 11.00, 'new', 1, 11.00, '2023-11-19 02:42:34', '2023-11-20 07:35:42'),
(20, 18, NULL, 1, 11.00, 'new', 1, 11.00, '2023-11-20 04:05:33', '2023-11-20 04:05:33'),
(22, 16, 8, 31, 150.00, 'new', 1, 150.00, '2023-11-20 04:30:54', '2023-11-20 07:35:42'),
(23, 19, 9, 31, 11.00, 'new', 1, 11.00, '2023-11-20 07:37:11', '2023-11-20 07:37:32');

-- --------------------------------------------------------

--
-- Table structure for table `categories`
--

CREATE TABLE `categories` (
  `id` bigint UNSIGNED NOT NULL,
  `title` varchar(191) CHARACTER SET utf8mb4 COLLATE utf8mb4_unicode_ci NOT NULL,
  `slug` varchar(191) CHARACTER SET utf8mb4 COLLATE utf8mb4_unicode_ci NOT NULL,
  `summary` text CHARACTER SET utf8mb4 COLLATE utf8mb4_unicode_ci,
  `photo` varchar(191) CHARACTER SET utf8mb4 COLLATE utf8mb4_unicode_ci DEFAULT NULL,
  `is_parent` tinyint(1) NOT NULL DEFAULT '1',
  `parent_id` bigint UNSIGNED DEFAULT NULL,
  `added_by` bigint UNSIGNED DEFAULT NULL,
  `status` enum('active','inactive') CHARACTER SET utf8mb4 COLLATE utf8mb4_unicode_ci NOT NULL DEFAULT 'inactive',
  `created_at` timestamp NULL DEFAULT NULL,
  `updated_at` timestamp NULL DEFAULT NULL
) ENGINE=InnoDB DEFAULT CHARSET=utf8mb4 COLLATE=utf8mb4_unicode_ci;

--
-- Dumping data for table `categories`
--

INSERT INTO `categories` (`id`, `title`, `slug`, `summary`, `photo`, `is_parent`, `parent_id`, `added_by`, `status`, `created_at`, `updated_at`) VALUES
(14, 'Apparel', 'apparel', '<p>eedfsfsdfsfsfdf</p>', '/storage/photos/1/online-clothing-store-in-China.jpg', 1, NULL, NULL, 'active', '2023-11-19 00:59:23', '2023-11-19 06:39:09'),
(15, 'Footwear', 'footwear', NULL, '/storage/photos/1/online-clothing-store-in-China.jpg', 1, NULL, NULL, 'active', '2023-11-20 00:49:02', '2023-11-20 05:31:35'),
(17, 'Home Decor', 'home-decor', NULL, '/storage/photos/1/online-clothing-store-in-China.jpg', 1, NULL, NULL, 'active', '2023-11-20 00:53:42', '2023-11-20 05:31:52'),
(18, 'Phone Accesories', 'phone-accesories', NULL, NULL, 1, NULL, NULL, 'active', '2023-11-20 00:55:47', '2023-11-20 04:14:17'),
(19, 'Furniture', 'furniture', NULL, NULL, 1, NULL, NULL, 'active', '2023-11-20 00:56:15', '2023-11-20 00:56:15'),
(20, 'Sports', 'sports', NULL, NULL, 1, NULL, NULL, 'active', '2023-11-20 00:56:31', '2023-11-20 00:56:31');

-- --------------------------------------------------------

--
-- Table structure for table `coupons`
--

CREATE TABLE `coupons` (
  `id` bigint UNSIGNED NOT NULL,
  `code` varchar(191) CHARACTER SET utf8mb4 COLLATE utf8mb4_unicode_ci NOT NULL,
  `type` enum('fixed','percent') CHARACTER SET utf8mb4 COLLATE utf8mb4_unicode_ci NOT NULL DEFAULT 'fixed',
  `value` decimal(20,2) NOT NULL,
  `status` enum('active','inactive') CHARACTER SET utf8mb4 COLLATE utf8mb4_unicode_ci NOT NULL DEFAULT 'inactive',
  `created_at` timestamp NULL DEFAULT NULL,
  `updated_at` timestamp NULL DEFAULT NULL
) ENGINE=InnoDB DEFAULT CHARSET=utf8mb4 COLLATE=utf8mb4_unicode_ci;

--
-- Dumping data for table `coupons`
--

INSERT INTO `coupons` (`id`, `code`, `type`, `value`, `status`, `created_at`, `updated_at`) VALUES
(6, '12345', 'percent', '20.00', 'active', '2023-11-20 04:26:43', '2023-11-20 18:15:16');

-- --------------------------------------------------------

--
-- Table structure for table `failed_jobs`
--

CREATE TABLE `failed_jobs` (
  `id` bigint UNSIGNED NOT NULL,
  `connection` text CHARACTER SET utf8mb4 COLLATE utf8mb4_unicode_ci NOT NULL,
  `queue` text CHARACTER SET utf8mb4 COLLATE utf8mb4_unicode_ci NOT NULL,
  `payload` longtext CHARACTER SET utf8mb4 COLLATE utf8mb4_unicode_ci NOT NULL,
  `exception` longtext CHARACTER SET utf8mb4 COLLATE utf8mb4_unicode_ci NOT NULL,
  `failed_at` timestamp NOT NULL DEFAULT CURRENT_TIMESTAMP
) ENGINE=InnoDB DEFAULT CHARSET=utf8mb4 COLLATE=utf8mb4_unicode_ci;

-- --------------------------------------------------------

--
-- Table structure for table `migrations`
--

CREATE TABLE `migrations` (
  `id` int UNSIGNED NOT NULL,
  `migration` varchar(191) CHARACTER SET utf8mb4 COLLATE utf8mb4_unicode_ci NOT NULL,
  `batch` int NOT NULL
) ENGINE=InnoDB DEFAULT CHARSET=utf8mb4 COLLATE=utf8mb4_unicode_ci;

--
-- Dumping data for table `migrations`
--

INSERT INTO `migrations` (`id`, `migration`, `batch`) VALUES
(1, '2014_10_12_000000_create_users_table', 1),
(2, '2014_10_12_100000_create_password_resets_table', 1),
(3, '2019_08_19_000000_create_failed_jobs_table', 1),
(4, '2020_07_10_021010_create_brands_table', 1),
(5, '2020_07_10_025334_create_banners_table', 1),
(6, '2020_07_10_112147_create_categories_table', 1),
(7, '2020_07_11_063857_create_products_table', 1),
(8, '2020_07_12_073132_create_post_categories_table', 1),
(9, '2020_07_12_073701_create_post_tags_table', 1),
(10, '2020_07_12_083638_create_posts_table', 1),
(11, '2020_07_13_151329_create_messages_table', 1),
(12, '2020_07_14_023748_create_shippings_table', 1),
(13, '2020_07_15_054356_create_orders_table', 1),
(14, '2020_07_15_102626_create_carts_table', 1),
(15, '2020_07_16_041623_create_notifications_table', 1),
(16, '2020_07_16_053240_create_coupons_table', 1),
(17, '2020_07_23_143757_create_wishlists_table', 1),
(18, '2020_07_24_074930_create_product_reviews_table', 1),
(19, '2020_07_24_131727_create_post_comments_table', 1),
(20, '2020_08_01_143408_create_settings_table', 1);

-- --------------------------------------------------------

--
-- Table structure for table `moon`
--

CREATE TABLE `moon` (
  `id` int NOT NULL
) ENGINE=InnoDB DEFAULT CHARSET=utf8mb4 COLLATE=utf8mb4_0900_ai_ci;

-- --------------------------------------------------------

--
-- Table structure for table `notifications`
--

CREATE TABLE `notifications` (
  `id` char(36) CHARACTER SET utf8mb4 COLLATE utf8mb4_unicode_ci NOT NULL,
  `type` varchar(191) CHARACTER SET utf8mb4 COLLATE utf8mb4_unicode_ci NOT NULL,
  `notifiable_type` varchar(191) CHARACTER SET utf8mb4 COLLATE utf8mb4_unicode_ci NOT NULL,
  `notifiable_id` bigint UNSIGNED NOT NULL,
  `data` text CHARACTER SET utf8mb4 COLLATE utf8mb4_unicode_ci NOT NULL,
  `read_at` timestamp NULL DEFAULT NULL,
  `created_at` timestamp NULL DEFAULT NULL,
  `updated_at` timestamp NULL DEFAULT NULL
) ENGINE=InnoDB DEFAULT CHARSET=utf8mb4 COLLATE=utf8mb4_unicode_ci;

--
-- Dumping data for table `notifications`
--

INSERT INTO `notifications` (`id`, `type`, `notifiable_type`, `notifiable_id`, `data`, `read_at`, `created_at`, `updated_at`) VALUES
('4297ffe1-bce3-4c36-a362-379cc7cedd04', 'App\\Notifications\\StatusNotification', 'App\\User', 1, '{\"title\":\"New order created\",\"actionURL\":\"http:\\/\\/127.0.0.1:8000\\/admin\\/order\\/9\",\"fas\":\"fa-file-alt\"}', '2023-11-20 17:50:45', '2023-11-20 07:37:32', '2023-11-20 17:50:45'),
('71577ff0-4f0c-437c-b6b4-390dbbe8c56b', 'App\\Notifications\\StatusNotification', 'App\\User', 1, '{\"title\":\"New order created\",\"actionURL\":\"http:\\/\\/127.0.0.1:8000\\/admin\\/order\\/8\",\"fas\":\"fa-file-alt\"}', '2023-11-20 22:02:10', '2023-11-20 07:35:42', '2023-11-20 22:02:10'),
('ad51aabf-8d52-45ae-bdc1-6003c20dffcc', 'App\\Notifications\\StatusNotification', 'App\\User', 1, '{\"title\":\"New order created\",\"actionURL\":\"http:\\/\\/127.0.0.1:8000\\/admin\\/order\\/7\",\"fas\":\"fa-file-alt\"}', '2023-11-20 03:24:19', '2023-11-18 23:12:08', '2023-11-20 03:24:19');

-- --------------------------------------------------------

--
-- Table structure for table `orders`
--

CREATE TABLE `orders` (
  `id` bigint UNSIGNED NOT NULL,
  `order_number` varchar(191) CHARACTER SET utf8mb4 COLLATE utf8mb4_unicode_ci NOT NULL,
  `user_id` bigint UNSIGNED DEFAULT NULL,
  `sub_total` double(8,2) NOT NULL,
  `shipping_id` bigint UNSIGNED DEFAULT NULL,
  `coupon` double(8,2) DEFAULT NULL,
  `total_amount` double(8,2) NOT NULL,
  `quantity` int NOT NULL,
  `payment_method` enum('cod','paypal') CHARACTER SET utf8mb4 COLLATE utf8mb4_unicode_ci NOT NULL DEFAULT 'cod',
  `payment_status` enum('paid','unpaid') CHARACTER SET utf8mb4 COLLATE utf8mb4_unicode_ci NOT NULL DEFAULT 'unpaid',
  `status` enum('new','process','delivered','cancel') CHARACTER SET utf8mb4 COLLATE utf8mb4_unicode_ci NOT NULL DEFAULT 'new',
  `first_name` varchar(191) CHARACTER SET utf8mb4 COLLATE utf8mb4_unicode_ci NOT NULL,
  `last_name` varchar(191) CHARACTER SET utf8mb4 COLLATE utf8mb4_unicode_ci NOT NULL,
  `email` varchar(191) CHARACTER SET utf8mb4 COLLATE utf8mb4_unicode_ci NOT NULL,
  `phone` varchar(191) CHARACTER SET utf8mb4 COLLATE utf8mb4_unicode_ci NOT NULL,
  `country` varchar(191) CHARACTER SET utf8mb4 COLLATE utf8mb4_unicode_ci NOT NULL,
  `post_code` varchar(191) CHARACTER SET utf8mb4 COLLATE utf8mb4_unicode_ci DEFAULT NULL,
  `address1` text CHARACTER SET utf8mb4 COLLATE utf8mb4_unicode_ci NOT NULL,
  `address2` text CHARACTER SET utf8mb4 COLLATE utf8mb4_unicode_ci,
  `created_at` timestamp NULL DEFAULT NULL,
  `updated_at` timestamp NULL DEFAULT NULL
) ENGINE=InnoDB DEFAULT CHARSET=utf8mb4 COLLATE=utf8mb4_unicode_ci;

--
-- Dumping data for table `orders`
--

INSERT INTO `orders` (`id`, `order_number`, `user_id`, `sub_total`, `shipping_id`, `coupon`, `total_amount`, `quantity`, `payment_method`, `payment_status`, `status`, `first_name`, `last_name`, `email`, `phone`, `country`, `post_code`, `address1`, `address2`, `created_at`, `updated_at`) VALUES
(7, 'ORD-TT0JUSOF7T', 31, 26757.00, NULL, NULL, 26757.00, 8, 'cod', 'unpaid', 'delivered', 'Ghelo', 'Tuazon', 'acustomer1195@gmail.com', '0999923423', 'NP', 'aSFFAS', 'aSFasF', 'aSFasFaS', '2023-11-18 23:12:07', '2023-11-20 07:13:46'),
(8, 'ORD-Y29I8WLIEM', 31, 161.00, NULL, NULL, 161.00, 2, 'cod', 'unpaid', 'new', 'asDad', 'asdasdasd', 'chix.patrol.2023@gmail.com', '0999923423', 'NP', '5202', 'asdasd', 'asdasd', '2023-11-20 07:35:42', '2023-11-20 07:35:42'),
(9, 'ORD-5VJJAENZHB', 31, 11.00, 5, NULL, 111.00, 1, 'cod', 'unpaid', 'process', 'asfaS', 'asfasf', 'acustomer1195@gmail.com', '0999923423', 'NP', 'fasfasf', 'asfasf', 'asfas', '2023-11-20 07:37:32', '2023-11-20 17:51:00');

-- --------------------------------------------------------

--
-- Table structure for table `password_resets`
--

CREATE TABLE `password_resets` (
  `email` varchar(191) CHARACTER SET utf8mb4 COLLATE utf8mb4_unicode_ci NOT NULL,
  `token` varchar(191) CHARACTER SET utf8mb4 COLLATE utf8mb4_unicode_ci NOT NULL,
  `created_at` timestamp NULL DEFAULT NULL
) ENGINE=InnoDB DEFAULT CHARSET=utf8mb4 COLLATE=utf8mb4_unicode_ci;

--
-- Dumping data for table `password_resets`
--

INSERT INTO `password_resets` (`email`, `token`, `created_at`) VALUES
('admin@gmail.com', '$2y$10$dW.NJTdmbvlwXXMQEq1jVueWnZNJ8/RDkVtBhb8LRMtRWzTBUzCRe', '2023-11-21 00:57:15');

-- --------------------------------------------------------

--
-- Table structure for table `posts`
--

CREATE TABLE `posts` (
  `id` bigint UNSIGNED NOT NULL,
  `title` varchar(191) CHARACTER SET utf8mb4 COLLATE utf8mb4_unicode_ci NOT NULL,
  `slug` varchar(191) CHARACTER SET utf8mb4 COLLATE utf8mb4_unicode_ci NOT NULL,
  `summary` text CHARACTER SET utf8mb4 COLLATE utf8mb4_unicode_ci NOT NULL,
  `description` longtext CHARACTER SET utf8mb4 COLLATE utf8mb4_unicode_ci,
  `quote` text CHARACTER SET utf8mb4 COLLATE utf8mb4_unicode_ci,
  `photo` varchar(191) CHARACTER SET utf8mb4 COLLATE utf8mb4_unicode_ci DEFAULT NULL,
  `tags` varchar(191) CHARACTER SET utf8mb4 COLLATE utf8mb4_unicode_ci DEFAULT NULL,
  `post_cat_id` bigint UNSIGNED DEFAULT NULL,
  `post_tag_id` bigint UNSIGNED DEFAULT NULL,
  `added_by` bigint UNSIGNED DEFAULT NULL,
  `status` enum('active','inactive') CHARACTER SET utf8mb4 COLLATE utf8mb4_unicode_ci NOT NULL DEFAULT 'active',
  `created_at` timestamp NULL DEFAULT NULL,
  `updated_at` timestamp NULL DEFAULT NULL
) ENGINE=InnoDB DEFAULT CHARSET=utf8mb4 COLLATE=utf8mb4_unicode_ci;

-- --------------------------------------------------------

--
-- Table structure for table `products`
--

CREATE TABLE `products` (
  `id` bigint UNSIGNED NOT NULL,
  `title` varchar(191) CHARACTER SET utf8mb4 COLLATE utf8mb4_unicode_ci NOT NULL,
  `slug` varchar(191) CHARACTER SET utf8mb4 COLLATE utf8mb4_unicode_ci NOT NULL,
  `summary` text CHARACTER SET utf8mb4 COLLATE utf8mb4_unicode_ci NOT NULL,
  `description` longtext CHARACTER SET utf8mb4 COLLATE utf8mb4_unicode_ci,
  `photo` text CHARACTER SET utf8mb4 COLLATE utf8mb4_unicode_ci NOT NULL,
  `stock` int NOT NULL DEFAULT '1',
  `size` varchar(191) CHARACTER SET utf8mb4 COLLATE utf8mb4_unicode_ci DEFAULT 'M',
  `condition` enum('default','new','hot') CHARACTER SET utf8mb4 COLLATE utf8mb4_unicode_ci NOT NULL DEFAULT 'default',
  `status` enum('active','inactive') CHARACTER SET utf8mb4 COLLATE utf8mb4_unicode_ci NOT NULL DEFAULT 'inactive',
  `price` double(8,2) NOT NULL,
  `discount` double(8,2) DEFAULT NULL,
  `is_featured` tinyint(1) NOT NULL,
  `cat_id` bigint UNSIGNED DEFAULT NULL,
  `child_cat_id` bigint UNSIGNED DEFAULT NULL,
  `brand_id` bigint UNSIGNED DEFAULT NULL,
  `created_at` timestamp NULL DEFAULT NULL,
  `updated_at` timestamp NULL DEFAULT NULL
) ENGINE=InnoDB DEFAULT CHARSET=utf8mb4 COLLATE=utf8mb4_unicode_ci;

--
-- Dumping data for table `products`
--

INSERT INTO `products` (`id`, `title`, `slug`, `summary`, `description`, `photo`, `stock`, `size`, `condition`, `status`, `price`, `discount`, `is_featured`, `cat_id`, `child_cat_id`, `brand_id`, `created_at`, `updated_at`) VALUES
(14, 'Streetwear Hoodie', 'streetwear-hoodie', '<p>hrhdgsfsdasdasdasdasdasdasd</p>', NULL, '/storage/photos/1/apparel/ds-img-mens-clothing-01 (2).jpeg', 500, 'S,M,L,XL', 'new', 'active', 250.00, 0.00, 1, 14, NULL, 8, '2023-11-19 01:07:26', '2023-11-19 06:39:41'),
(16, 'Harem Pants', 'harem-pants', '<p>fasfaadad</p>', NULL, '/storage/photos/1/apparel/ds-img-mens-clothing-03.jpeg', 500, 'S,M,L,XL', 'new', 'active', 150.00, 0.00, 1, 14, NULL, 8, '2023-11-19 01:13:12', '2023-11-19 02:07:46'),
(17, 'Coton Linen Shirt', 'coton-linen-shirt', '<p>SFSDF</p>', NULL, '/storage/photos/1/apparel/ds-img-mens-clothing-04.jpeg', 100, 'S,M', 'new', 'active', 100.00, 0.00, 0, 14, NULL, 8, '2023-11-19 01:26:56', '2023-11-19 01:26:56'),
(18, 'Athleisure Hoodies', 'athleisure-hoodies', '<p>asdasdasd</p>', NULL, '/storage/photos/1/apparel/ds-img-mens-clothing-05.jpeg', 50, 'S,M,L', 'new', 'active', 11.00, 0.00, 0, 14, NULL, 8, '2023-11-19 01:33:32', '2023-11-19 01:33:32'),
(19, 'Running Shoes', 'running-shoes', '<p>sfasfasf</p>', NULL, '/storage/photos/1/footwear/ds-img-shoes-12.png', 100, 'M', 'new', 'active', 11.00, NULL, 1, 15, NULL, NULL, '2023-11-20 06:33:34', '2023-11-20 06:35:26');

-- --------------------------------------------------------

--
-- Table structure for table `product_reviews`
--

CREATE TABLE `product_reviews` (
  `id` bigint UNSIGNED NOT NULL,
  `user_id` bigint UNSIGNED DEFAULT NULL,
  `product_id` bigint UNSIGNED DEFAULT NULL,
  `rate` tinyint NOT NULL DEFAULT '0',
  `review` text CHARACTER SET utf8mb4 COLLATE utf8mb4_unicode_ci,
  `status` enum('active','inactive') CHARACTER SET utf8mb4 COLLATE utf8mb4_unicode_ci NOT NULL DEFAULT 'active',
  `created_at` timestamp NULL DEFAULT NULL,
  `updated_at` timestamp NULL DEFAULT NULL
) ENGINE=InnoDB DEFAULT CHARSET=utf8mb4 COLLATE=utf8mb4_unicode_ci;

-- --------------------------------------------------------

--
-- Table structure for table `settings`
--

CREATE TABLE `settings` (
  `id` bigint UNSIGNED NOT NULL,
  `description` longtext CHARACTER SET utf8mb4 COLLATE utf8mb4_unicode_ci NOT NULL,
  `short_des` text CHARACTER SET utf8mb4 COLLATE utf8mb4_unicode_ci NOT NULL,
  `logo` varchar(191) CHARACTER SET utf8mb4 COLLATE utf8mb4_unicode_ci NOT NULL,
  `photo` varchar(191) CHARACTER SET utf8mb4 COLLATE utf8mb4_unicode_ci NOT NULL,
  `address` varchar(191) CHARACTER SET utf8mb4 COLLATE utf8mb4_unicode_ci NOT NULL,
  `phone` varchar(191) CHARACTER SET utf8mb4 COLLATE utf8mb4_unicode_ci NOT NULL,
  `email` varchar(191) CHARACTER SET utf8mb4 COLLATE utf8mb4_unicode_ci NOT NULL,
  `created_at` timestamp NULL DEFAULT NULL,
  `updated_at` timestamp NULL DEFAULT NULL
) ENGINE=InnoDB DEFAULT CHARSET=utf8mb4 COLLATE=utf8mb4_unicode_ci;

-- --------------------------------------------------------

--
-- Table structure for table `shippings`
--

CREATE TABLE `shippings` (
  `id` bigint UNSIGNED NOT NULL,
  `type` varchar(191) CHARACTER SET utf8mb4 COLLATE utf8mb4_unicode_ci NOT NULL,
  `price` decimal(8,2) NOT NULL,
  `status` enum('active','inactive') CHARACTER SET utf8mb4 COLLATE utf8mb4_unicode_ci NOT NULL DEFAULT 'active',
  `created_at` timestamp NULL DEFAULT NULL,
  `updated_at` timestamp NULL DEFAULT NULL
) ENGINE=InnoDB DEFAULT CHARSET=utf8mb4 COLLATE=utf8mb4_unicode_ci;

--
-- Dumping data for table `shippings`
--

INSERT INTO `shippings` (`id`, `type`, `price`, `status`, `created_at`, `updated_at`) VALUES
(5, 'San Teodoro', '100.00', 'active', '2023-11-20 03:21:34', '2023-11-20 03:21:34');

-- --------------------------------------------------------

--
-- Table structure for table `users`
--

CREATE TABLE `users` (
  `id` bigint UNSIGNED NOT NULL,
  `name` varchar(191) CHARACTER SET utf8mb4 COLLATE utf8mb4_unicode_ci NOT NULL,
  `email` varchar(191) CHARACTER SET utf8mb4 COLLATE utf8mb4_unicode_ci DEFAULT NULL,
  `email_verified_at` timestamp NULL DEFAULT NULL,
  `password` varchar(191) CHARACTER SET utf8mb4 COLLATE utf8mb4_unicode_ci DEFAULT NULL,
  `photo` varchar(191) CHARACTER SET utf8mb4 COLLATE utf8mb4_unicode_ci DEFAULT NULL,
  `role` enum('admin','user') CHARACTER SET utf8mb4 COLLATE utf8mb4_unicode_ci NOT NULL DEFAULT 'user',
  `provider` varchar(191) CHARACTER SET utf8mb4 COLLATE utf8mb4_unicode_ci DEFAULT NULL,
  `provider_id` varchar(191) CHARACTER SET utf8mb4 COLLATE utf8mb4_unicode_ci DEFAULT NULL,
  `status` enum('active','inactive') CHARACTER SET utf8mb4 COLLATE utf8mb4_unicode_ci NOT NULL DEFAULT 'active',
  `remember_token` varchar(100) CHARACTER SET utf8mb4 COLLATE utf8mb4_unicode_ci DEFAULT NULL,
  `created_at` timestamp NULL DEFAULT NULL,
  `updated_at` timestamp NULL DEFAULT NULL
) ENGINE=InnoDB DEFAULT CHARSET=utf8mb4 COLLATE=utf8mb4_unicode_ci;

--
-- Dumping data for table `users`
--

INSERT INTO `users` (`id`, `name`, `email`, `email_verified_at`, `password`, `photo`, `role`, `provider`, `provider_id`, `status`, `remember_token`, `created_at`, `updated_at`) VALUES
(1, 'Admin', 'admin@gmail.com', NULL, '$2y$10$GOGIJdzJydYJ5nAZ42iZNO3IL1fdvXoSPdUOH3Ajy5hRmi0xBmTzm', NULL, 'admin', NULL, NULL, 'active', 'DdA3xyn23vEW6cXN0a9KTp4z7Enj3zO3y36zzYd9Xsa9K2EDatWuZ4AS7td9', NULL, '2023-11-20 07:16:50'),
(31, 'Ghelo Tuazon', 'user.test@gmail.com', NULL, '$2y$10$AkzszqesW5V79B8FQGcGm.Hweqyc2VtUzxPhi/nHL7EzwJWEoVNqG', NULL, 'user', NULL, NULL, 'active', NULL, '2023-11-17 22:45:53', '2023-11-20 03:52:48');

-- --------------------------------------------------------

--
-- Table structure for table `wishlists`
--

CREATE TABLE `wishlists` (
  `id` bigint UNSIGNED NOT NULL,
  `product_id` bigint UNSIGNED NOT NULL,
  `cart_id` bigint UNSIGNED DEFAULT NULL,
  `user_id` bigint UNSIGNED DEFAULT NULL,
  `price` double(8,2) NOT NULL,
  `quantity` int NOT NULL,
  `amount` double(8,2) NOT NULL,
  `created_at` timestamp NULL DEFAULT NULL,
  `updated_at` timestamp NULL DEFAULT NULL
) ENGINE=InnoDB DEFAULT CHARSET=utf8mb4 COLLATE=utf8mb4_unicode_ci;

--
-- Indexes for dumped tables
--

--
-- Indexes for table `banners`
--
ALTER TABLE `banners`
  ADD PRIMARY KEY (`id`),
  ADD UNIQUE KEY `banners_slug_unique` (`slug`);

--
-- Indexes for table `brands`
--
ALTER TABLE `brands`
  ADD PRIMARY KEY (`id`);

--
-- Indexes for table `carts`
--
ALTER TABLE `carts`
  ADD PRIMARY KEY (`id`),
  ADD KEY `carts_product_id_foreign` (`product_id`),
  ADD KEY `carts_user_id_foreign` (`user_id`),
  ADD KEY `carts_order_id_foreign` (`order_id`);

--
-- Indexes for table `categories`
--
ALTER TABLE `categories`
  ADD PRIMARY KEY (`id`),
  ADD UNIQUE KEY `categories_slug_unique` (`slug`),
  ADD KEY `categories_parent_id_foreign` (`parent_id`),
  ADD KEY `categories_added_by_foreign` (`added_by`);

--
-- Indexes for table `coupons`
--
ALTER TABLE `coupons`
  ADD PRIMARY KEY (`id`),
  ADD UNIQUE KEY `coupons_code_unique` (`code`);

--
-- Indexes for table `failed_jobs`
--
ALTER TABLE `failed_jobs`
  ADD PRIMARY KEY (`id`);

--
-- Indexes for table `migrations`
--
ALTER TABLE `migrations`
  ADD PRIMARY KEY (`id`);

--
-- Indexes for table `moon`
--
ALTER TABLE `moon`
  ADD PRIMARY KEY (`id`);

--
-- Indexes for table `notifications`
--
ALTER TABLE `notifications`
  ADD PRIMARY KEY (`id`),
  ADD KEY `notifications_notifiable_type_notifiable_id_index` (`notifiable_type`,`notifiable_id`);

--
-- Indexes for table `orders`
--
ALTER TABLE `orders`
  ADD PRIMARY KEY (`id`),
  ADD UNIQUE KEY `orders_order_number_unique` (`order_number`),
  ADD KEY `orders_user_id_foreign` (`user_id`),
  ADD KEY `orders_shipping_id_foreign` (`shipping_id`);

--
-- Indexes for table `password_resets`
--
ALTER TABLE `password_resets`
  ADD KEY `password_resets_email_index` (`email`);

--
-- Indexes for table `posts`
--
ALTER TABLE `posts`
  ADD PRIMARY KEY (`id`),
  ADD UNIQUE KEY `posts_slug_unique` (`slug`),
  ADD KEY `posts_post_cat_id_foreign` (`post_cat_id`),
  ADD KEY `posts_post_tag_id_foreign` (`post_tag_id`),
  ADD KEY `posts_added_by_foreign` (`added_by`);

--
-- Indexes for table `products`
--
ALTER TABLE `products`
  ADD PRIMARY KEY (`id`),
  ADD UNIQUE KEY `products_slug_unique` (`slug`),
  ADD KEY `products_brand_id_foreign` (`brand_id`),
  ADD KEY `products_cat_id_foreign` (`cat_id`),
  ADD KEY `products_child_cat_id_foreign` (`child_cat_id`);

--
-- Indexes for table `settings`
--
ALTER TABLE `settings`
  ADD PRIMARY KEY (`id`);

--
-- Indexes for table `shippings`
--
ALTER TABLE `shippings`
  ADD PRIMARY KEY (`id`);

--
-- Indexes for table `users`
--
ALTER TABLE `users`
  ADD PRIMARY KEY (`id`),
  ADD UNIQUE KEY `users_email_unique` (`email`);

--
-- Indexes for table `wishlists`
--
ALTER TABLE `wishlists`
  ADD PRIMARY KEY (`id`),
  ADD KEY `wishlists_product_id_foreign` (`product_id`),
  ADD KEY `wishlists_user_id_foreign` (`user_id`),
  ADD KEY `wishlists_cart_id_foreign` (`cart_id`);

--
-- AUTO_INCREMENT for dumped tables
--

--
-- AUTO_INCREMENT for table `banners`
--
ALTER TABLE `banners`
  MODIFY `id` bigint UNSIGNED NOT NULL AUTO_INCREMENT, AUTO_INCREMENT=18;

--
-- AUTO_INCREMENT for table `brands`
--
ALTER TABLE `brands`
  MODIFY `id` int NOT NULL AUTO_INCREMENT;

--
-- AUTO_INCREMENT for table `carts`
--
ALTER TABLE `carts`
  MODIFY `id` bigint UNSIGNED NOT NULL AUTO_INCREMENT, AUTO_INCREMENT=25;

--
-- AUTO_INCREMENT for table `categories`
--
ALTER TABLE `categories`
  MODIFY `id` bigint UNSIGNED NOT NULL AUTO_INCREMENT, AUTO_INCREMENT=21;

--
-- AUTO_INCREMENT for table `coupons`
--
ALTER TABLE `coupons`
  MODIFY `id` bigint UNSIGNED NOT NULL AUTO_INCREMENT, AUTO_INCREMENT=7;

--
-- AUTO_INCREMENT for table `failed_jobs`
--
ALTER TABLE `failed_jobs`
  MODIFY `id` bigint UNSIGNED NOT NULL AUTO_INCREMENT;

--
-- AUTO_INCREMENT for table `migrations`
--
ALTER TABLE `migrations`
  MODIFY `id` int UNSIGNED NOT NULL AUTO_INCREMENT, AUTO_INCREMENT=21;

--
-- AUTO_INCREMENT for table `moon`
--
ALTER TABLE `moon`
  MODIFY `id` int NOT NULL AUTO_INCREMENT;

--
-- AUTO_INCREMENT for table `orders`
--
ALTER TABLE `orders`
  MODIFY `id` bigint UNSIGNED NOT NULL AUTO_INCREMENT, AUTO_INCREMENT=10;

--
-- AUTO_INCREMENT for table `posts`
--
ALTER TABLE `posts`
  MODIFY `id` bigint UNSIGNED NOT NULL AUTO_INCREMENT, AUTO_INCREMENT=7;

--
-- AUTO_INCREMENT for table `products`
--
ALTER TABLE `products`
  MODIFY `id` bigint UNSIGNED NOT NULL AUTO_INCREMENT, AUTO_INCREMENT=20;

--
-- AUTO_INCREMENT for table `settings`
--
ALTER TABLE `settings`
  MODIFY `id` bigint UNSIGNED NOT NULL AUTO_INCREMENT, AUTO_INCREMENT=2;

--
-- AUTO_INCREMENT for table `shippings`
--
ALTER TABLE `shippings`
  MODIFY `id` bigint UNSIGNED NOT NULL AUTO_INCREMENT, AUTO_INCREMENT=6;

--
-- AUTO_INCREMENT for table `users`
--
ALTER TABLE `users`
  MODIFY `id` bigint UNSIGNED NOT NULL AUTO_INCREMENT, AUTO_INCREMENT=32;

--
-- AUTO_INCREMENT for table `wishlists`
--
ALTER TABLE `wishlists`
  MODIFY `id` bigint UNSIGNED NOT NULL AUTO_INCREMENT, AUTO_INCREMENT=6;

--
-- Constraints for dumped tables
--

--
-- Constraints for table `carts`
--
ALTER TABLE `carts`
  ADD CONSTRAINT `carts_order_id_foreign` FOREIGN KEY (`order_id`) REFERENCES `orders` (`id`) ON DELETE SET NULL,
  ADD CONSTRAINT `carts_product_id_foreign` FOREIGN KEY (`product_id`) REFERENCES `products` (`id`) ON DELETE CASCADE,
  ADD CONSTRAINT `carts_user_id_foreign` FOREIGN KEY (`user_id`) REFERENCES `users` (`id`) ON DELETE CASCADE;

--
-- Constraints for table `categories`
--
ALTER TABLE `categories`
  ADD CONSTRAINT `categories_added_by_foreign` FOREIGN KEY (`added_by`) REFERENCES `users` (`id`) ON DELETE SET NULL,
  ADD CONSTRAINT `categories_parent_id_foreign` FOREIGN KEY (`parent_id`) REFERENCES `categories` (`id`) ON DELETE SET NULL;

--
-- Constraints for table `orders`
--
ALTER TABLE `orders`
  ADD CONSTRAINT `orders_shipping_id_foreign` FOREIGN KEY (`shipping_id`) REFERENCES `shippings` (`id`) ON DELETE SET NULL,
  ADD CONSTRAINT `orders_user_id_foreign` FOREIGN KEY (`user_id`) REFERENCES `users` (`id`) ON DELETE SET NULL;

--
-- Constraints for table `products`
--
ALTER TABLE `products`
  ADD CONSTRAINT `products_cat_id_foreign` FOREIGN KEY (`cat_id`) REFERENCES `categories` (`id`) ON DELETE SET NULL,
  ADD CONSTRAINT `products_child_cat_id_foreign` FOREIGN KEY (`child_cat_id`) REFERENCES `categories` (`id`) ON DELETE SET NULL;
COMMIT;

/*!40101 SET CHARACTER_SET_CLIENT=@OLD_CHARACTER_SET_CLIENT */;
/*!40101 SET CHARACTER_SET_RESULTS=@OLD_CHARACTER_SET_RESULTS */;
/*!40101 SET COLLATION_CONNECTION=@OLD_COLLATION_CONNECTION */;
